Comment Parent ID,Comment ID,Comment Text,Comment Score,Comment Depth,Created Timestamp,Author,model1,model2,model3,majority_labels
t3_lj12nm,gn7vv3p,The military is doing a systematic campaign against his own people. It is like khmer rouge genocide. We need to do something. What else can we do to protect ourselves and get rid of this oppression and misery?,32,0,1613226510.0,Zach-ziyaon,negative,negative,negative,negative
t3_lj12nm,gn8fg59,i'm ashamed and angry that european media talks only about covid and not about what happen really in your country.,21,0,1613232079.0,sukotai,negative,negative,negative,negative
t3_lj12nm,gn9kzsa,Holy fuck this is beyond inhumane. And to think that some of the military folk truly think they're on the right side of justice. Fucking disgraceful cunts,11,0,1613242440.0,randpaulsdragrace,negative,negative,negative,negative
t3_lj12nm,gn8k3xu,"The drugs they inject.. this whole thing was started in the late 80s.. as a project also backed by Russia then. I'm not willing to post the details publicly here as it will raise some flags within the military. If you DM me I can give you details, though I warn you it sounds fantastic/unbelievable. Also, only people that have been active on this sub (that aren't trolls) will get replies.  


History is repeating itself.",10,0,1613233369.0,drbkt,negative,negative,positive,negative
t3_lj12nm,gn7tzjj,Sapa sarr military,5,0,1613225997.0,None,neutral,neutral,neutral,neutral
t3_lj12nm,gn7u52q,r/publicfreakout,5,0,1613226039.0,None,neutral,neutral,negative,neutral
t3_lj12nm,gn8qz0e,What kind of drug it's?,5,0,1613235160.0,Special_Ad8876,neutral,neutral,negative,neutral
t3_lj12nm,gnabc72,I‚Äôd heard firsthand that this drug was used in the 80‚Äôs from a boy who left. So I believe that the military has implemented its use again. This breaks my heart and fills me with outrage. These are Crimes Against Humanity in the highest degree and should be treated as such.,3,0,1613249051.0,Admirable_Peanut_832,negative,negative,negative,negative
t3_lj12nm,gnd4xmy,You should post this at like twitter or something so the world can see,2,0,1613283558.0,Tripp2235,neutral,neutral,neutral,neutral
t3_lj12nm,gndkfe1,may low military,2,0,1613290915.0,realkaiz7,neutral,neutral,negative,neutral
t3_lj12nm,gnc6qwe,r/publicfreakout,2,0,1613269740.0,donalexander92,neutral,neutral,negative,neutral
t3_lj12nm,gnql202,"This news is Fake.
I am from Myanmar.
Daw Aung San Su Kyi and NLD always lied to the people of the whole country and divided the military and the people",0,0,1613542269.0,Temporary_Carpet_945,negative,negative,negative,negative
t3_lj12nm,gr127kf,"""Did they inject your butt-cheeks"" That stood out to me because that is normally how you normally administrator Bicillin... Going through Army basic training we were had injections in both arms, two nasal sprays and those that were not allergic got Bicillin shots in the ass aka peanut butter shots. Hmmm... not buying this...",1,0,1615826717.0,MDRaven1015,neutral,negative,negative,negative
t1_gn7vv3p,gngo4aj,"The US, Taiwan and Myanmar should immediately declare war on China and Russia. this genocide needs to be stopped!!! We must pursue freedom and liberty for all people. The United states and Taiwan along with Myanmar, Australia, Korea and Japan could completely defeat the entire Russian and Chinese military in 24 hours flat. The United states is the most powerful fighting force on earth and the US has won every strategic engagement that it's ever undertaken. We must demand that our governments declare war on Russia and China and their entire authoritarian axis of oppression and malice.",1,1,1613334697.0,Conveyormelt,neutral,neutral,negative,neutral
t1_gn8fg59,gn9c22t,"Myanmar guy talking here! I won't blame you guys. You guys have your own troubles, Covid and uncertain future of economic backlash. 
If you are spreading awareness, that's doing a lot for people here. We surely need UN involvement like investigation teams to get more countries involved in forcing this military out of power in unison. 
It's a shame that we feel like we are fighting a losing war.",12,1,1613240603.0,AsuraNiche93,negative,neutral,negative,negative
t1_gn8fg59,gndn2d0,"I feel the same with American media. They‚Äôre just talking about Impeaching Trump while all this is happening. I wish America could sober up a bit and realize we aren‚Äôt the only country in the world. And of course stay strong Myanmar, even if I can‚Äôt physically help hopefully my thoughts and prayers can help sooth someone‚Äôs mind a bit.",1,1,1613292439.0,erikdoge,negative,neutral,neutral,neutral
t1_gn8fg59,gnecegq,"COVID has killed millions all over the world and over 700k deaths in Europe alone.

How many Burmese protestors have died in the literal sense of the word? A handful. There will be COVID deaths. but this is self-inflicted in equal measures.",0,1,1613308597.0,None,negative,negative,negative,negative
t1_gn9kzsa,gngpblh,And that's why uncodified justice is subjective.,1,1,1613335308.0,Conveyormelt,negative,negative,negative,negative
t1_gn8k3xu,gn93y6t,Please tell us about this drug,2,1,1613238582.0,ArtSupplies4life,neutral,neutral,negative,neutral
t1_gn8k3xu,gnaq8aw,May I know more about this drug?,2,1,1613252644.0,missingwin,neutral,neutral,negative,neutral
t1_gn8k3xu,gnb58rn,please dm the details,2,1,1613256394.0,cruiseluo02,neutral,neutral,neutral,neutral
t1_gn8k3xu,gnbhw1q,"Never been on this sub but as a Myanmar guy, I also would like to know what kind of stuff is going to happen to most of us.",2,1,1613259924.0,Horrific_Harmony,negative,neutral,negative,negative
t1_gn8k3xu,gnbob36,Could you tell me details?,2,1,1613262519.0,Faudaux,neutral,neutral,neutral,neutral
t1_gn8k3xu,gnc80uf,Pm me,2,1,1613270245.0,Academic-Debt9167,neutral,neutral,neutral,neutral
t1_gn8k3xu,gnchdt7,Please tell me the details i chatted you,2,1,1613274840.0,None,neutral,neutral,neutral,neutral
t1_gn8k3xu,gnd4z93,It‚Äôs important to let people know about the substances used. I‚Äôd like to know myself,2,1,1613283574.0,OwlyTheFackenOwl,neutral,neutral,neutral,neutral
t1_gn8k3xu,gnhm1lw,Can you please DM the details?,1,1,1613353258.0,UgandanCyclonus,neutral,neutral,neutral,neutral
t1_gn8qz0e,gndaqj9,Scopolamine- Devil's breath,3,1,1613286086.0,ContributionQuiet568,negative,neutral,negative,negative
t1_gnabc72,gnao0a7,Is it like a stimulant hallucinogen?,3,1,1613251990.0,AlsionGrace,neutral,neutral,negative,neutral
t1_gnabc72,gnbo6j4,What is this drug?,2,1,1613262462.0,tztoxic,negative,negative,negative,negative
t1_gnd4xmy,gnduve8,"Yes, I also uploaded to Twitter.",2,1,1613299836.0,NayAungLwin,neutral,neutral,neutral,neutral
t1_gngo4aj,go1om9d,Yeah good luck bud. You haven‚Äôt played fallout 4 it seems.,1,2,1613767034.0,Dry-Management-4048,neutral,positive,positive,positive
t1_gn9c22t,gnbnpn6,UN never does anything but say a few words in these situations,5,2,1613262257.0,tztoxic,negative,negative,positive,negative
t1_gndn2d0,gne29qk,Thoughts and prayers are a joke at this point referring to not helping at all.,1,2,1613304434.0,TheTruthT0rt0ise,negative,negative,negative,negative
t1_gndn2d0,gnl3kb8,Wait so Americans shouldn‚Äôt be taking actions against insurrection in our own country? We should drop everything and focus on a coup in SEA?,1,2,1613430726.0,lameuniqueusername,negative,negative,negative,negative
t1_gnecegq,gnedt32,it's up to you if you want to talk again and again about covid/trump. I just want to think about something else after 1 year of covid,1,2,1613309226.0,sukotai,negative,neutral,neutral,neutral
t1_gnbnpn6,gne21yc,China and Russia won't let them sadly. Shitty authoritarians protecting shitting authoritarians.,2,3,1613304338.0,TheTruthT0rt0ise,negative,negative,negative,negative
t1_gnedt32,gnesm7c,"So to distract yourself from the horrible deaths of 750k of your fellow Europeans, you want to avert your eyes and look at political unrest with a very complex political scene that is much bigger and grayer than ""democracy = good, dictator = bad"", in a small Asian country halfway around the world, that so far fewer than a handful of people died?

Myanmar is unimportant in the grand scheme of things. Don't buy into the grand talk of ""if democracy fails here, it will fail elsewhere"" that Burmese talk about. That's bunk ""Domino theory"". It didn't happen in Vietnam, it wouldn't in Myanmar. Myanmar coup is not threat to global democracy. If you are European, threats to European democracy are much closer to home: it's Erdogan in Turkey (he's Islamising Turkey), Marine le Pen in France, Alternative f√ºr Deutschland in Deutschland, whatever that's going on in Poland, or Viktor Mih√°ly Orb√°n in Hungary (and that's a bunch of fascists). There, I gave you a lot more to look at than COVID or Trump. Even better, all of them are in NATO or EU or both, meaning you actually can do something about them.

If you want to say something or other about ""pushing back China"", please remember that the EU is signing a free trade agreement with China and the EU appears to want to sit own the New Cold War.

So why should you bother about Myanmar? Let the Burmese deal with their country and the South East Asians would need to care about Myanmar first, before Europeans.",0,3,1613313821.0,None,negative,negative,negative,negative
t1_gne21yc,gnemeln,"It‚Äôs a compromise, the alternative isn‚Äôt much better though ü§∑‚Äç‚ôÇÔ∏è",0,4,1613311965.0,tztoxic,negative,negative,negative,negative
t1_gnesm7c,gnf7n8q,"if you don't bother about myamar, why you post/comment on this subreddit ? does not make sense for me ....",1,4,1613317926.0,sukotai,negative,negative,negative,negative
t1_gnf7n8q,gngtxha,"I'm saying that you, as a European, shouldn't bother.

I happen to live in a country with very, very low COVID cases and have family still living in a South East Asia country also with very, very low COVID numbers and some ties to Myanmar. Of course we have to care about Myanmar. If the US, EU, and ten different other things start to jump in because ""China"", Myanmar will be the first proxy war of the New Cold War. We don't want such mess spill over borders and hordes of refugees crossing the borders. Europe nearly imploded with some refugees crossing the Mediterranean.

So, I can have both the spare attention thanks to tremendous efforts to control COVID and we actually have a strategic concern about Myanmar.",1,5,1613337678.0,None,neutral,negative,neutral,neutral
