Comment Parent ID,Comment ID,Comment Text,Comment Score,Comment Depth,Created Timestamp,Author,model1,model2,model3
t3_sileuz,hv9j7rg,"I'm actually happy to see that,
Now they're digging their own grave, in English.
Imagine translating these crap just to let the world know that they are just a bunch of racists and fascists.",24,0,1643802299.0,Tasha_GodSpell,negative,negative,negative
t3_sileuz,hvb8ymk,When youâ€™re a misogynist braindead deluded c\*nt who is so out of touch with reality and how time has changed. While have the audacity to blame the younger gen and to talk such dumb crap on a culture he and his grandpas has been destroyed for 7 decades..  Even hate admitting that I have to learn a lot about sex embarrassingly through porn videos and having so much guilt learning on the culture that I look back now and regret learning every single garbage of it as a kid growing up. This motherf\*cker speaking this crap just proves again how incredibly out of touch he's with reality not only with the situation on the ground but also on how the people have moved on.,23,0,1643828180.0,Jaseyjerks,negative,negative,negative
t3_sileuz,hv9qal0,Myanmar coup leader train of thoughts in nutshell.,17,0,1643806564.0,tharju,negative,negative,negative
t3_sileuz,hvaeydt,"I wonder what will happened if sex doesn't exist  
Anyway how about your military raping girls maybe it is not sex ðŸ—¿",15,0,1643817188.0,KaungKinYan,negative,negative,negative
t3_sileuz,hv9vfm6,Can't even hire a proper lobbyist it seems.,13,0,1643809140.0,emphyr_00,negative,negative,negative
t3_sileuz,hvblwkb,"Hahhaha what a joke , for reasons he can pull out all serious failures of NLD - such as Stupid Ass Clown Phyo Min Thein and many other things he bring up non-ssues hahahaha thats show how fucked up in his head is .",11,0,1643833099.0,Voxandr,negative,negative,negative
t3_sileuz,hvcrdy6,"Yes, obviously great reasons to orchestrate a coup and run a bloody dictatorship /s",11,0,1643849029.0,flyinggazelletg,negative,negative,negative
t3_sileuz,hve34co,Clown army ðŸ¤¡ðŸ¤¡,6,0,1643871837.0,AcanthocephalaLevel6,negative,neutral,neutral
t3_sileuz,hv9prns,"Why not just say that she's advocating, or liaring that she's the one who behind Rohingya genocide, if they seriously want to paint bad light to ASSK to the world",11,0,1643806278.0,MayHaBuoi,negative,negative,negative
t3_sileuz,hvdxsfv,á€…á€±á€¬á€€á€ºá€€á€»á€­á€¯á€¸á€”á€² á€€á€½á€¬,6,0,1643868458.0,AwaySnow6706,neutral,neutral,positive
t3_sileuz,hvafglm,He's right in one point: Religion shouldn't be confused with politics,9,0,1643817376.0,PhoenixCatYouTube,neutral,neutral,positive
t3_sileuz,hv9hmyp,The f,4,0,1643801219.0,Simon-Edwin,neutral,neutral,positive
t3_sileuz,hve6iu4,"So what happened in 2007 in Burma?
Hell is always open for you and your army
because of such bloody command and dare to hit with police stick and shoot to many monks in 2007 Golden Revolution.
How could you say these useless word for now. Their (monk (or) son of buddha)blood still wet on your hand and on your bloody army so I dont afraid what will happen in next(tomorrow).May be buddha forgive you but Hell's chief wouldn't never forgive you because of what you and your groups(Ma Ba Tha) had done in past. You can run form the sins which you did before time up but you can not be escaped from those sins.The value of your sins will come to you when you die.(Can't imagine(because of such many sins) that you and your groups pay back for sins that you all did)(Both of you and chief of Ma Ba Tha monk)In that day our leader(ASSK) can't save you again like saved once in ICJ at 2020.
God bless to you and yours. . . .=)",4,0,1643874176.0,ChitNyo,negative,negative,neutral
t3_sileuz,hvdnbxg,"What a stupid piece of shitty Critisim.Btw,MaBaTha should perish forever.",3,0,1643862815.0,Ashamed_Report,negative,negative,negative
t3_sileuz,hve54qs,What a nonsense and absurd that Junta media say!,4,0,1643873202.0,pphyoe,negative,negative,negative
t3_sileuz,hvdop7x,These junta terrrosist are traders against there country killers of the Burmese people and only religion was fine before and went from democracy to a dictatorship these are imposters,2,0,1643863490.0,Bigcockhoodstyle565,negative,negative,negative
t3_sileuz,iyuhn0c,I am surprised the Junta has lasted this long if their propaganda is THIS bad.,1,0,1670135729.0,69gatsby,negative,negative,positive
t1_hv9j7rg,hvaqmef,Even Tabilan are more honest racist and religious extremists than Junta look bad trying so hard to came up with a reason for coup.,6,1,1643821451.0,AsuraNiche93,negative,negative,negative
t1_hv9qal0,hvb8aki,Heâ€™s a bit á€€á€»á€€á€ºá€™á€•á€¼á€±á€·á€˜á€°á€¸,7,1,1643827934.0,sirkenny69,neutral,neutral,neutral
t1_hvaeydt,hvcl9zj,Yea because thatâ€™s rape. Not sex. Sex is consensual.,3,1,1643846448.0,limooutfront,negative,negative,negative
t1_hv9vfm6,hvbomy2,He is asking his soldiers to list reaons and he compile them in ...,1,1,1643834126.0,Voxandr,neutral,neutral,neutral
t1_hv9prns,hv9qgh3,They want support from their pro-nationalist followers. Those pro-nationalist mostly think Su Kyi as the puppet of OIC and western countries. Many believe that she is planning to give Rohingyas citizenship to make the Buddhist population weaken. I still has no idea how they all believe this but this is the reality of it.,16,1,1643806651.0,notice_me_mina,negative,neutral,negative
t1_hv9prns,hva2181,"They tried that with the US after the coup. They even hired a lobbyist to represent them. Nobody fucking believed so they just stopped and reverted back to ASSK is the puppet, destroyer of religion/culture.",11,1,1643812064.0,CSTun,negative,negative,negative
t1_hv9prns,hv9q4ck,Oh man I hope they didn't see your comment. ðŸ¤­,6,1,1643806470.0,tharju,negative,negative,positive
t1_hv9prns,hve45ot,"The world blames ASSK for ""not protecting the Rohingyas"", the junta blames ASSK for ""not protecting burmese and extremist buddhist rights"" 

The Lady can't catch a break.",3,1,1643872534.0,Cmon_Let_It_Go,negative,negative,negative
t1_hv9prns,hvbors8,He can't even think that out of his shit filled organ called Brain..,2,1,1643834175.0,Voxandr,negative,negative,negative
t1_hvafglm,hvbm2od,This is what he is confused now.,2,1,1643833167.0,Voxandr,neutral,negative,positive
t1_hvb8aki,hw2oje9,Ah......that's offensive to people who are á€€á€»á€•á€ºá€™á€•á€¼á€Šá€·á€º,2,2,1644323472.0,CaptainConfucius,negative,negative,negative
t1_hvcl9zj,hvgd6sp,Thats so dark..,1,2,1643913642.0,Voxandr,negative,negative,negative
t1_hv9qgh3,hva84xj,[deleted],7,2,1643814559.0,None,neutral,neutral,negative
t1_hv9qgh3,hvboy9n,which are just their amry relatives lol,1,2,1643834239.0,Voxandr,neutral,neutral,neutral
t1_hvbm2od,hvbo5t9,"So yeah, MAL is the one delusional and can't draw the line between politic and religion. In face, MAL isn't even religious at all. He thought he could persuade dumb a@@ Ma Ba Tha into his side, but the rest of the country isnt buying a bit.",4,2,1643833951.0,zarganar,negative,negative,negative
t1_hva84xj,hva8ud3,I think the whole national identification system need to be changed. Many ethnic and mix blood personals can't get citizenship with current dumb rules,9,3,1643814845.0,notice_me_mina,negative,negative,negative
t1_hva8ud3,hva9bqp,[deleted],8,4,1643815036.0,None,neutral,neutral,negative
t1_hva9bqp,hvdfi52,">Yeah, including that one. We can even explore the dual-citizenship.

Or multiple citizenship in general, no need to limit them. Some people end up with being nationals of three or more countries due to circumstances but nobody goes around collecting citizenship.",3,5,1643859187.0,twicedfanned,neutral,neutral,neutral
t1_hva9bqp,hve1pmv,dual-citizenship will help us a lot after this war. It would make it easier for overseas Myanmar people to come and help build the country back up.,3,5,1643870907.0,thekingminn,positive,positive,positive
t1_hvdfi52,hvef9wi,[deleted],2,6,1643880786.0,None,neutral,neutral,negative
t1_hvef9wi,hvesqzr,">""right to bear small arm""

The ""Right to Bear Arms"", not ""small arms"". The people need to have comparable firepower against potential coup makers to ensure that we don't ""easily slip back to coup situation again"". Why should we be limited to small arms while the military has mortars, artillery, tanks, helicopter gunships, fighter jets, and more? 

If you'd trust the people with small arms, perhaps with emphasis on personal responsibility, why not anything more powerful? In my opinion, to be truly free as a people, we need political power (real democracy), economic power (free markets that are actually free) and martial power (weaponry and training). None of these three will be achievable if a certain group of individuals (i.e. the generals) has exclusive access to a power (e.g. heavy weaponry and vehicles).",1,7,1643890534.0,twicedfanned,neutral,neutral,neutral
t1_hvesqzr,hvfoo1z,[deleted],2,8,1643904804.0,None,neutral,neutral,negative
t1_hvesqzr,hvgawct,"That's a fantastic idea and welcome to Afghanistan, Yemen, Ethiopia, etc ... where ethnic rebels are as heavily armed as the government. Or the American Civil War, which accounted for half of all American war deaths in all wars Americans fought in.

In the very long history of mankind, nobody with a central government worth half a cent ever thinks of that. The central premise of a state is that it has the exclusive rights to legitimate violence within the state border. The moment that idea is put into practice, dozens of heavily armed separatist movements start, which in addition to making it impossible for the government to do any governing, also makes it easier for the neighbouring state that knows what it's doing to just steamroll everyone.",1,8,1643912824.0,EndtimeWaitingRoom,positive,neutral,neutral
t1_hvesqzr,hvgdnca,"Right to bare Airforce , is what we need.",1,8,1643913803.0,Voxandr,neutral,positive,neutral
t1_hvfoo1z,hvfr6ed,">You have to manage the gxn violence though.

Violence, yes, however without any of the weird ""common sense"" tactics that are more anti-gun than they are anti-violence. Any effort to combat violence will need to be focused the whys instead of the weapon used. We can easily see, between the Tatmadaw and the PDF, how a simple difference in views and principles held can affect how weaponry is used.",1,9,1643905721.0,twicedfanned,negative,neutral,neutral
t1_hvgawct,hvgaxof,"Hello. In order to promote inclusivity and reduce gender bias, please consider using gender-neutral language in the future.

Instead of **mankind**, use **humanity**, **humankind** or **peoplekind**.

Thank you very much.

^(I am a bot. Downvote to remove this comment. For more information on gender-neutral language, please do a web search for *""Nonsexist Writing.""*)",2,9,1643912837.0,GenderNeutralBot,neutral,neutral,neutral
t1_hvgawct,hvgkuj0,">That's a fantastic idea and welcome to Afghanistan, Yemen, Ethiopia, etc ... where ethnic rebels are as heavily armed as the government. Or the American Civil War, which accounted for half of all American war deaths in all wars Americans fought in.

And yet, all these conflicts stem from something other than simply being armed. I live in a country where such weaponry is heavily regulated, but also where a mere outfit of soldiers like the Arakan Army can rise up and form a formidable fighting force that the ruling junta is wary of.

>The central premise of a state is that it has the exclusive rights to legitimate violence within the state border.

You're in a subreddit for a country where that very central premise has lead to a bloodthirsty junta that is very much willing to destroy their own populace to maintain their death grip on power. 

>The moment that idea is put into practice, dozens of heavily armed separatist movements start, which in addition to making it impossible for the government to do any governing...

""Governing"" where the central government's authoritarianism was and is forced onto ethnic minorities, leading to said ""heavily armed separatist movements"". As both Shan and Taiwanese, concepts such as independence and self-determination are something I hold dear. However, these very concepts are detested by heavily armed groups called ""governments"", who threaten me and people like me with violence if we are to pursue such concepts, even if done so peacefully to the maximum extent possible. 

Yet, instead of determining that it is these ""governments"" that need to have their ability to coerce stripped, you'd rather that we, the people, be defenseless and submit ourselves to them, with their ""exclusive rights to legitimate violence""? So that they may continue to contribute to why these separatist movements exist?",2,9,1643916462.0,twicedfanned,neutral,neutral,neutral
t1_hvgkuj0,hvio1sm,[removed],1,1,1643947536.0,None,neutral,neutral,negative
t1_hvgkuj0,hvioz97,"/u/Voxandr

Couldn't read your comment because automod was being hyper again. But yeah, it's obvious the dude's not screwed on right if he's looking at Burma and thinking that the state has ""exclusive rights to legitimate violence"". As if the PDFs are engaging in ""illegitimate violence"" and we should just kowtow to the junta so that they may do their ""governing"".",1,1,1643947984.0,twicedfanned,negative,negative,negative
t1_hvgkuj0,hvkk5t5,">As both Shan and Taiwanese

Taiwan? In its illustrious but short existence, the Nationalist Kuomintang fought the Japanese by pushing to the front, to kill off the troops of the Chinese warlords while keeping their crack and better equipped central government troops back for their showdown with the Maoist Communists. Well, Chiang Kai-Shek did not believe in ""free weapons, including heavy weapons for all"". And then he lost the war against the Communists anyway. For all their talks of a rifle behind every blade of grass, the Americans were extremely stingy with supplying the Nationalists with free or cheap weapons. Well, the Nationalists lost the war and got chased alll the way to Formosa. 

>that very central premise

Also the premise of every single state in existence in the current international system. The overwhelming majority of them doesn't have that problem at the moment. 

>a bloodthirsty junta that is very much willing to destroy their own populace to maintain their death grip on power. 

That's the action of the government, and not necessarily a proof that the principle is wrong or unworkable.

>also where a mere outfit of soldiers like the Arakan Army can rise up and form a formidable fighting force that the ruling junta is wary of.

The various EAOs, formidable as they were, were just enough to secure the grounds in their home territories with some contestation. They haven't been able to march onto the capital yet. 

>, you'd rather that we, the people, be defenseless and submit ourselves to them, with their ""exclusive rights to legitimate violence""?

The Americans tried to showed the Federal government their resolve in using their weapons to fight the government. The government beats them.down every time.",1,1,1643988347.0,EndtimeWaitingRoom,neutral,neutral,negative
t1_hvio1sm,hvio1we,"
Hello /u/Voxandr, the post has a potential uncivil comment. 

The post has triggered the filter with the word/s [inbreds] and thus has been removed and reported to the mods for manual approval.  Please edit your post to remove the offending word/s and send us a modmail with the word [""done""](https://www.reddit.com/message/compose?to=/r/myanmar&subject=Profanity%20filter%20triggered&message=My%20post%20has%20been%20removed%2E%20%20It%20triggered%20the%20filter%20%5Binbreds%5D%2E%20%20My%20post%3A%20https://www.reddit.com/r/myanmar/comments/sileuz/myanmars_army_chief_says_he_seized_power_because/hvio1sm/?context=3%2E%20%20Edit done%2E).

Have we got it wrong? Please [contact the moderators](https://www.reddit.com/message/compose?to=/r/myanmar&subject=Profanity%20filter%20triggered&message=My%20post%20has%20been%20removed%2E%20%20It%20triggered%20the%20filter%20%5Binbreds%5D%2E%20%20My%20post%3A%20https://www.reddit.com/r/myanmar/comments/sileuz/myanmars_army_chief_says_he_seized_power_because/hvio1sm/?context=3).  It would be helpful to link to the post that was removed.

***Do not delete your post*** since we **cannot** recover any posts that you deleted.

*I am a bot, and this action was performed automatically. Please [contact the moderators of this subreddit](/message/compose/?to=/r/myanmar) if you have any questions or concerns.*",1,2,1643947538.0,AutoModerator,negative,neutral,neutral
t1_hvioz97,hvki9np,">the state has ""exclusive rights to legitimate violence

That's the political science definition of the role of the *state*. The people who happens to run the state is the *government*, which the junta is. Every state in existence has this rights. If you ask, how are states determined to be legitimate or illegitimate? Well, states recognize each others as legitimate, that's it.

>As if the PDFs are engaging in ""illegitimate violence""

Your NUG is not recognised as legitimate by anyone, with the exception of nosy states like France. Other than that, not even th USA recognises the NUG as the legitimate government of the State of Myanmar. By definition, the PDF, which are not even under the NUG's command, are indeed engaging in illegitimate violence, from an internation system state point of view. In this system, Taiwan is also not a state in the United Nations or the international system. It has a government that is ruling the land area that is called Taiwan, but it is not a state.

The Tatmadaw is engaging in what can be considered as war crimes.

Diplomacy, law, and similar have a way with writing things very delicately.",0,2,1643987595.0,EndtimeWaitingRoom,neutral,neutral,neutral
t1_hvkk5t5,hvkua2k,">Taiwan? In its illustrious but short existence, the Nationalist Kuomintang fought the Japanese by pushing to the front, to kill off the troops of the Chinese warlords while keeping their crack and better equipped central government troops back for their showdown with the Maoist Communists. Well, Chiang Kai-Shek did not believe in ""free weapons, including heavy weapons for all"".

In what capacity does Chiang Kai-Shek factor into this? Taiwan is a multi-party democracy with a wide variety of views, but whenever Taiwan is mentioned, people go into a long spiel of how ""the Nationalists did this"" or how ""the KMT did that"" as if all Taiwanese are direct descendants of him and his ideology. Chiang did not believe in what I do, so? 

>That's the action of the government, and not necessarily a proof that the principle is wrong or unworkable.

It is proof that said principle is just that, a principle. From your comments, it is a principle where the legitimacy of  violence is not derived from a government's actions, but merely because it is the ""state"". It is a principle whereby violence by the state is considered ""legitimate"", even if it amounts to war crimes.

>The various EAOs, formidable as they were, were just enough to secure the grounds in their home territories with some contestation. They haven't been able to march onto the capital yet.

They may not have yet marched into the capital, but neither has the military been able to defeat them after nearly 70+ years. Yet, none of that matters when their existence alone suggest unresolved issues that stems much from the central government's heavy-handiness and a refusal to share power and establish a federal democracy. But hey, let's ignore that because the EAOs haven't marched into the capital yet.

>The Americans tried to showed the Federal government their resolve in using their weapons to fight the government. The government beats them.down every time.

So you *are* suggesting we submit to the junta?",1,2,1643992149.0,twicedfanned,neutral,neutral,negative
t1_hvki9np,hvko02i,">Every state in existence has this rights. If you ask, how are states determined to be legitimate or illegitimate? Well, states recognize each others as legitimate, that's it.

If so, the ""legitimacy"" of violence has little practical meaning and may as well be substituted with ""state"". When violence that is threatened/meted out against innocent people is considered as a ""right"" inherently held by a ""state"" and as such is ""legitimate"", there is little value in playing around with said definitions.",1,3,1643989817.0,twicedfanned,neutral,neutral,neutral
t1_hvkua2k,hvm58sa,">, but whenever Taiwan is mentioned, people go into a long spiel of how ""the Nationalists did this"" or how ""the KMT did that"" as if all Taiwanese are direct descendants of him and his ideology. Chiang did not believe in what I do, so? 

Myanmar is less developed politically today than where China was in 1938. Nobody in the whole wide world dare to give its citizens ownership of military heavy weapons, even the most fanatical firearms ownership rights state. For an undeveloped country to want that requires a lot of delusion.


>But hey, let's ignore that because the EAOs haven't marched into the capital yet.

>So you are suggesting we submit to the junta?

I'm not telling you what to do. I'm merely telling you the likelihood of success and the likely outcomes. What is most likely to happen is that the EAOs gain a bit more than what they had before the coup, but they aren't marching on the capital. The junta will end up with a bit less, but they aren't falling. The war will stalemate and there will a new equilibrium. Overall, the EAOs will gain, the Tatmadaw will be a bit worse off for wear but the Barma in the lowlands outside the EAOs' land will still be screwed.",1,3,1644009617.0,EndtimeWaitingRoom,negative,negative,negative
